<?xml version="1.0" encoding="utf-8"?>
<!-- Produced with astropy.io.votable version 1.3.2
     http://www.astropy.org/ -->
<VOTABLE version="1.2" xmlns="http://www.ivoa.net/xml/VOTable/v1.2" xmlns:xsi="http://www.w3.org/2001/XMLSchema-instance" xsi:noNamespaceSchemaLocation="http://www.ivoa.net/xml/VOTable/v1.2">
 <RESOURCE type="results">
  <DESCRIPTION>
   omc3_all.con.008
  </DESCRIPTION>
  <TABLE>
   <FIELD ID="key" arraysize="8" datatype="char" name="key"/>
   <FIELD ID="value_float" datatype="double" name="value_float"/>
   <FIELD ID="value_str" arraysize="26" datatype="char" name="value_str"/>
   <FIELD ID="comments" arraysize="41" datatype="char" name="comments"/>
   <DATA>
    <TABLEDATA>
     <TR>
     <TD>ALTRPIX</TD><TD>1.0</TD><TD/><TD/>
     </TR>
     <TR>
     <TD>ALTRVAL</TD><TD>91995859674.13</TD><TD/><TD/>
     </TR>
     <TR>
     <TD>BITPIX</TD><TD>-32</TD><TD/><TD>Floating point (32 bit)</TD>
     </TR>
     <TR>
     <TD>BMAJ</TD><TD>0.0009718109501733</TD><TD/><TD/>
     </TR>
     <TR>
     <TD>BMIN</TD><TD>0.0005962275796466</TD><TD/><TD/>
     </TR>
     <TR>
     <TD>BPA</TD><TD>84.14493560791</TD><TD/><TD/>
     </TR>
     <TR>
     <TD>BSCALE</TD><TD>1.0</TD><TD/><TD>PHYSICAL = PIXEL*BSCALE + BZERO</TD>
     </TR>
     <TR>
     <TD>BTYPE</TD><TD/><TD>Intensity</TD><TD/>
     </TR>
     <TR>
     <TD>BUNIT</TD><TD/><TD>Jy/beam</TD><TD>Brightness (pixel) unit</TD>
     </TR>
     <TR>
     <TD>BZERO</TD><TD>0.0</TD><TD/><TD/>
     </TR>
     <TR>
     <TD>CDELT1</TD><TD>-0.0001111111111111</TD><TD/><TD/>
     </TR>
     <TR>
     <TD>CDELT2</TD><TD>0.0001111111111111</TD><TD/><TD/>
     </TR>
     <TR>
     <TD>CRPIX1</TD><TD>129.0</TD><TD/><TD/>
     </TR>
     <TR>
     <TD>CRPIX2</TD><TD>513.0</TD><TD/><TD/>
     </TR>
     <TR>
     <TD>CRVAL1</TD><TD>83.8375</TD><TD/><TD/>
     </TR>
     <TR>
     <TD>CRVAL2</TD><TD>-5.033333333333</TD><TD/><TD/>
     </TR>
     <TR>
     <TD>CTYPE1</TD><TD/><TD>RA---SIN</TD><TD/>
     </TR>
     <TR>
     <TD>CTYPE2</TD><TD/><TD>DEC--SIN</TD><TD/>
     </TR>
     <TR>
     <TD>CUNIT1</TD><TD/><TD>deg</TD><TD/>
     </TR>
     <TR>
     <TD>CUNIT2</TD><TD/><TD>deg</TD><TD/>
     </TR>
     <TR>
     <TD>DATE</TD><TD/><TD>2016-11-17T12:27:52.938000</TD><TD>Date FITS file was written</TD>
     </TR>
     <TR>
     <TD>DATE-OBS</TD><TD/><TD>2014-11-19T05:25:20.255999</TD><TD/>
     </TR>
     <TR>
     <TD>EQUINOX</TD><TD>2000.0</TD><TD/><TD/>
     </TR>
     <TR>
     <TD>EXTEND</TD><TD/><TD>True</TD><TD/>
     </TR>
     <TR>
     <TD>LATPOLE</TD><TD>-5.033333333333</TD><TD/><TD/>
     </TR>
     <TR>
     <TD>LONPOLE</TD><TD>180.0</TD><TD/><TD/>
     </TR>
     <TR>
     <TD>NAXIS</TD><TD>2</TD><TD/><TD/>
     </TR>
     <TR>
     <TD>NAXIS1</TD><TD>256</TD><TD/><TD/>
     </TR>
     <TR>
     <TD>NAXIS2</TD><TD>256</TD><TD/><TD/>
     </TR>
     <TR>
     <TD>OBJECT</TD><TD/><TD>OMC-3</TD><TD/>
     </TR>
     <TR>
     <TD>OBSDEC</TD><TD>-5.033333333333</TD><TD/><TD/>
     </TR>
     <TR>
     <TD>OBSERVER</TD><TD/><TD>dmardones</TD><TD/>
     </TR>
     <TR>
     <TD>OBSGEO-X</TD><TD>2225142.180269</TD><TD/><TD/>
     </TR>
     <TR>
     <TD>OBSGEO-Y</TD><TD>-5440307.370349</TD><TD/><TD/>
     </TR>
     <TR>
     <TD>OBSGEO-Z</TD><TD>-2481029.851874</TD><TD/><TD/>
     </TR>
     <TR>
     <TD>OBSRA</TD><TD>83.8375</TD><TD/><TD/>
     </TR>
     <TR>
     <TD>ORIGIN</TD><TD/><TD>CASA 4.6.0-REL (r36590)</TD><TD/>
     </TR>
     <TR>
     <TD>PC01_01</TD><TD>1.0</TD><TD/><TD/>
     </TR>
     <TR>
     <TD>PC01_02</TD><TD>0.0</TD><TD/><TD/>
     </TR>
     <TR>
     <TD>PC02_01</TD><TD>0.0</TD><TD/><TD/>
     </TR>
     <TR>
     <TD>PC02_02</TD><TD>1.0</TD><TD/><TD/>
     </TR>
     <TR>
     <TD>PV2_1</TD><TD>0.0</TD><TD/><TD/>
     </TR>
     <TR>
     <TD>PV2_2</TD><TD>0.0</TD><TD/><TD/>
     </TR>
     <TR>
     <TD>RADESYS</TD><TD/><TD>FK5</TD><TD/>
     </TR>
     <TR>
     <TD>SIMPLE</TD><TD/><TD>True</TD><TD>Written by IDL:  Mon Aug 21 22:27:47 2017</TD>
     </TR>
     <TR>
     <TD>TELESCOP</TD><TD/><TD>ALMA</TD><TD/>
     </TR>
     <TR>
     <TD>TIMESYS</TD><TD/><TD>UTC</TD><TD/>
     </TR>
    </TABLEDATA>
    <FITS>
     <STREAM href="file:///Users/jasch/GitHub/fits2vo/omc.con.fits/omc3_all.con.008.fits">
     </STREAM>
    </FITS>
   </DATA>
  </TABLE>
 </RESOURCE>
</VOTABLE>
